Delivery_ID,Order_ID,Emp_ID,Delivery_date
L000001,O000001,Emp022,2022-05-28
L000002,O000002,Emp022,2022-05-28
L000003,O000003,Emp016,2022-06-16
L000004,O000004,Emp016,2022-06-17
L000005,O000005,Emp013,2022-06-18
L000006,O000006,Emp007,2022-06-19
L000007,O000007,Emp006,2022-06-24
L000008,O000008,Emp018,2022-06-30
L000009,O000009,Emp013,2022-06-27
L000010,O000010,Emp022,2022-07-02
L000011,O000011,Emp015,2022-07-02
L000012,O000012,Emp010,2022-07-11
L000013,O000013,Emp016,2022-07-19
L000014,O000014,Emp013,2022-07-24
L000015,O000015,Emp013,2022-07-19
L000016,O000016,Emp021,2022-07-28
L000017,O000017,Emp008,2022-08-02
L000018,O000018,Emp010,2022-08-01
L000019,O000019,Emp007,2022-08-07
L000020,O000020,Emp006,2022-08-06
L000021,O000021,Emp013,2022-08-11
L000022,O000022,Emp023,2022-08-11
L000023,O000023,Emp010,2022-08-14
L000024,O000024,Emp013,2022-08-15
L000025,O000025,Emp006,2022-08-09
L000026,O000026,Emp016,2022-08-13
L000027,O000027,Emp015,2022-08-21
L000028,O000028,Emp010,2022-08-18
L000029,O000029,Emp017,2022-08-23
L000030,O000030,Emp007,2022-08-26
L000031,O000031,Emp009,2022-09-03
L000032,O000032,Emp014,2022-09-03
L000033,O000033,Emp011,2022-08-30
L000034,O000034,Emp011,2022-09-01
L000035,O000035,Emp006,2022-09-07
L000036,O000036,Emp011,2022-09-05
L000037,O000037,Emp007,2022-09-08
L000038,O000038,Emp013,2022-09-08
L000039,O000039,Emp009,2022-09-12
L000040,O000040,Emp021,2022-09-06
L000041,O000041,Emp011,2022-09-07
L000042,O000042,Emp017,2022-09-06
L000043,O000043,Emp011,2022-09-08
L000044,O000044,Emp011,2022-09-16
L000045,O000045,Emp012,2022-09-13
L000046,O000046,Emp016,2022-09-15
L000047,O000047,Emp022,2022-09-23
L000048,O000048,Emp013,2022-09-25
L000049,O000049,Emp016,2022-09-23
L000050,O000050,Emp020,2022-09-22
L000051,O000051,Emp008,2022-09-29
L000052,O000052,Emp009,2022-09-28
L000053,O000053,Emp015,2022-10-01
L000054,O000054,Emp016,2022-10-03
L000055,O000055,Emp012,2022-10-12
L000056,O000056,Emp023,2022-10-13
L000057,O000057,Emp006,2022-10-12
L000058,O000058,Emp009,2022-10-13
L000059,O000059,Emp026,2022-10-20
L000060,O000060,Emp013,2022-10-17
L000061,O000061,Emp007,2022-10-19
L000062,O000062,Emp014,2022-10-21
L000063,O000063,Emp018,2022-10-18
L000064,O000064,Emp013,2022-10-20
L000065,O000065,Emp021,2022-10-26
L000066,O000066,Emp022,2022-10-27
L000067,O000067,Emp012,2022-10-31
L000068,O000068,Emp012,2022-11-01
L000069,O000069,Emp014,2022-10-31
L000070,O000070,Emp011,2022-10-31
L000071,O000071,Emp026,2022-11-09
L000072,O000072,Emp008,2022-11-10
L000073,O000073,Emp015,2022-11-11
L000074,O000074,Emp012,2022-11-18
L000075,O000075,Emp006,2022-11-13
L000076,O000076,Emp012,2022-11-21
L000077,O000077,Emp008,2022-11-20
L000078,O000078,Emp012,2022-11-22
L000079,O000079,Emp006,2022-11-19
L000080,O000080,Emp015,2022-11-24
L000081,O000081,Emp018,2022-11-24
L000082,O000082,Emp018,2022-11-23
L000083,O000083,Emp021,2022-11-20
L000084,O000084,Emp011,2022-11-23
L000085,O000085,Emp015,2022-11-29
L000086,O000086,Emp013,2022-12-04
L000087,O000087,Emp012,2022-11-29
L000088,O000088,Emp008,2022-12-06
L000089,O000089,Emp018,2022-12-01
L000090,O000090,Emp019,2022-12-05
L000091,O000091,Emp013,2022-12-07
L000092,O000092,Emp012,2022-12-05
L000093,O000093,Emp008,2022-12-07
L000094,O000094,Emp018,2022-12-13
L000095,O000095,Emp017,2022-12-08
L000096,O000096,Emp006,2022-12-15
L000097,O000097,Emp011,2022-12-14
L000098,O000098,Emp012,2022-12-14
L000099,O000099,Emp014,2022-12-17
L000100,O000100,Emp013,2022-12-13
L000101,O000101,Emp015,2022-12-21
L000102,O000102,Emp015,2022-12-18
L000103,O000103,Emp010,2022-12-19
L000104,O000104,Emp015,2022-12-23
L000105,O000105,Emp022,2022-12-23
L000106,O000106,Emp019,2022-12-22
L000107,O000107,Emp009,2022-12-27
L000108,O000108,Emp017,2022-12-28
L000109,O000109,Emp014,2022-12-23
L000110,O000110,Emp006,2022-12-27
L000111,O000111,Emp010,2022-12-29
L000112,O000112,Emp023,2022-12-26
L000113,O000113,Emp016,2022-12-31
L000114,O000114,Emp024,2023-01-03
L000115,O000115,Emp018,2023-01-02
L000116,O000116,Emp011,2022-12-29
L000117,O000117,Emp009,2022-12-30
L000118,O000118,Emp012,2023-01-06
L000119,O000119,Emp017,2023-01-03
L000120,O000120,Emp014,2023-01-02
L000121,O000121,Emp010,2023-01-08
L000122,O000122,Emp018,2023-01-01
L000123,O000123,Emp011,2023-01-04
L000124,O000124,Emp013,2023-01-05
L000125,O000125,Emp009,2023-01-12
L000126,O000126,Emp009,2023-01-13
L000127,O000127,Emp020,2023-01-09
L000128,O000128,Emp011,2023-01-15
L000129,O000129,Emp020,2023-01-14
L000130,O000130,Emp006,2023-01-10
L000131,O000131,Emp017,2023-01-17
L000132,O000132,Emp016,2023-01-14
L000133,O000133,Emp023,2023-01-18
L000134,O000134,Emp016,2023-01-18
L000135,O000135,Emp013,2023-01-14
L000136,O000136,Emp006,2023-01-16
L000137,O000137,Emp014,2023-01-19
L000138,O000138,Emp019,2023-01-20
L000139,O000139,Emp006,2023-01-21
L000140,O000140,Emp010,2023-01-22
L000141,O000141,Emp010,2023-01-22
L000142,O000142,Emp022,2023-01-24
L000143,O000143,Emp011,2023-01-22
L000144,O000144,Emp010,2023-01-22
L000145,O000145,Emp022,2023-01-26
L000146,O000146,Emp013,2023-01-27
L000147,O000147,Emp008,2023-01-23
L000148,O000148,Emp015,2023-01-26
L000149,O000149,Emp017,2023-01-29
L000150,O000150,Emp012,2023-01-27
L000151,O000151,Emp016,2023-01-29
L000152,O000152,Emp009,2023-02-01
L000153,O000153,Emp009,2023-01-31
L000154,O000154,Emp016,2023-01-28
L000155,O000155,Emp013,2023-01-28
L000156,O000156,Emp006,2023-02-04
L000157,O000157,Emp010,2023-02-03
L000158,O000158,Emp011,2023-02-04
L000159,O000159,Emp015,2023-02-06
L000160,O000160,Emp006,2023-02-04
L000161,O000161,Emp009,2023-02-11
L000162,O000162,Emp010,2023-02-10
L000163,O000163,Emp017,2023-02-07
L000164,O000164,Emp018,2023-02-09
L000165,O000165,Emp007,2023-02-17
L000166,O000166,Emp010,2023-02-18
L000167,O000167,Emp006,2023-02-13
L000168,O000168,Emp011,2023-02-12
L000169,O000169,Emp019,2023-02-18
L000170,O000170,Emp010,2023-02-20
L000171,O000171,Emp014,2023-02-19
L000172,O000172,Emp023,2023-02-21
L000173,O000173,Emp018,2023-02-22
L000174,O000174,Emp008,2023-02-18
L000175,O000175,Emp016,2023-02-18
L000176,O000176,Emp006,2023-02-19
L000177,O000177,Emp007,2023-02-19
L000178,O000178,Emp013,2023-02-25
L000179,O000179,Emp013,2023-02-28
L000180,O000180,Emp013,2023-02-23
L000181,O000181,Emp010,2023-02-23
L000182,O000182,Emp011,2023-02-25
L000183,O000183,Emp017,2023-02-26
L000184,O000184,Emp020,2023-03-01
L000185,O000185,Emp010,2023-02-28
L000186,O000186,Emp012,2023-02-27
L000187,O000187,Emp017,2023-03-06
L000188,O000188,Emp013,2023-03-06
L000189,O000189,Emp022,2023-03-02
L000190,O000190,Emp012,2023-03-07
L000191,O000191,Emp014,2023-03-01
L000192,O000192,Emp010,2023-03-08
L000193,O000193,Emp018,2023-03-06
L000194,O000194,Emp014,2023-03-05
L000195,O000195,Emp013,2023-03-10
L000196,O000196,Emp011,2023-03-06
L000197,O000197,Emp012,2023-03-05
L000198,O000198,Emp015,2023-03-09
L000199,O000199,Emp008,2023-03-06
L000200,O000200,Emp007,2023-03-11
L000201,O000201,Emp010,2023-03-07
L000202,O000202,Emp020,2023-03-09
L000203,O000203,Emp014,2023-03-14
L000204,O000204,Emp010,2023-03-15
L000205,O000205,Emp006,2023-03-17
L000206,O000206,Emp013,2023-03-16
L000207,O000207,Emp013,2023-03-13
L000208,O000208,Emp011,2023-03-12
L000209,O000209,Emp014,2023-03-18
L000210,O000210,Emp015,2023-03-15
L000211,O000211,Emp009,2023-03-20
L000212,O000212,Emp023,2023-03-16
L000213,O000213,Emp009,2023-03-18
L000214,O000214,Emp011,2023-03-18
L000215,O000215,Emp017,2023-03-23
L000216,O000216,Emp018,2023-03-19
L000217,O000217,Emp014,2023-03-26
L000218,O000218,Emp007,2023-03-25
L000219,O000219,Emp008,2023-03-26
L000220,O000220,Emp015,2023-03-25
L000221,O000221,Emp018,2023-03-25
L000222,O000222,Emp007,2023-04-01
L000223,O000223,Emp013,2023-04-02
L000224,O000224,Emp012,2023-03-27
L000225,O000225,Emp016,2023-03-30
L000226,O000226,Emp008,2023-04-02
L000227,O000227,Emp023,2023-04-05
L000228,O000228,Emp013,2023-04-05
L000229,O000229,Emp015,2023-04-01
L000230,O000230,Emp007,2023-04-01
L000231,O000231,Emp016,2023-04-02
L000232,O000232,Emp009,2023-03-31
L000233,O000233,Emp009,2023-04-07
L000234,O000234,Emp008,2023-04-02
L000235,O000235,Emp019,2023-04-01
L000236,O000236,Emp014,2023-04-07
L000237,O000237,Emp012,2023-04-08
L000238,O000238,Emp022,2023-04-03
L000239,O000239,Emp018,2023-04-03
L000240,O000240,Emp014,2023-04-08
L000241,O000241,Emp012,2023-04-07
L000242,O000242,Emp011,2023-04-08
L000243,O000243,Emp013,2023-04-11
L000244,O000244,Emp019,2023-04-05
L000245,O000245,Emp010,2023-04-05
L000246,O000246,Emp008,2023-04-06
L000247,O000247,Emp018,2023-04-06
L000248,O000248,Emp014,2023-04-06
L000249,O000249,Emp006,2023-04-06
L000250,O000250,Emp019,2023-04-07
L000251,O000251,Emp006,2023-04-06
L000252,O000252,Emp010,2023-04-11
L000253,O000253,Emp010,2023-04-09
L000254,O000254,Emp019,2023-04-11
L000255,O000255,Emp010,2023-04-16
L000256,O000256,Emp020,2023-04-16
L000257,O000257,Emp012,2023-04-11
L000258,O000258,Emp011,2023-04-16
L000259,O000259,Emp010,2023-04-11
L000260,O000260,Emp013,2023-04-11
L000261,O000261,Emp012,2023-04-19
L000262,O000262,Emp009,2023-04-13
L000263,O000263,Emp011,2023-04-15
L000264,O000264,Emp013,2023-04-18
L000265,O000265,Emp017,2023-04-19
L000266,O000266,Emp017,2023-04-16
L000267,O000267,Emp010,2023-04-21
L000268,O000268,Emp015,2023-04-23
L000269,O000269,Emp019,2023-04-18
L000270,O000270,Emp012,2023-04-19
L000271,O000271,Emp014,2023-04-24
L000272,O000272,Emp011,2023-04-19
L000273,O000273,Emp018,2023-04-23
L000274,O000274,Emp017,2023-04-22
L000275,O000275,Emp007,2023-04-26
L000276,O000276,Emp019,2023-04-22
L000277,O000277,Emp011,2023-04-25
L000278,O000278,Emp016,2023-04-24
L000279,O000279,Emp013,2023-04-25
L000280,O000280,Emp009,2023-04-28
L000281,O000281,Emp018,2023-04-27
L000282,O000282,Emp017,2023-04-27
L000283,O000283,Emp013,2023-05-04
L000284,O000284,Emp018,2023-04-27
L000285,O000285,Emp010,2023-05-04
L000286,O000286,Emp025,2023-05-03
L000287,O000287,Emp016,2023-04-29
L000288,O000288,Emp012,2023-04-30
L000289,O000289,Emp012,2023-05-01
L000290,O000290,Emp012,2023-04-30
L000291,O000291,Emp009,2023-05-04
L000292,O000292,Emp012,2023-05-09
L000293,O000293,Emp019,2023-05-08
L000294,O000294,Emp007,2023-05-10
L000295,O000295,Emp011,2023-05-10
L000296,O000296,Emp019,2023-05-07
L000297,O000297,Emp013,2023-05-04
L000298,O000298,Emp025,2023-05-07
L000299,O000299,Emp017,2023-05-12
L000300,O000300,Emp006,2023-05-05
L000301,O000301,Emp015,2023-05-10
L000302,O000302,Emp011,2023-05-09
L000303,O000303,Emp011,2023-05-07
L000304,O000304,Emp019,2023-05-08
L000305,O000305,Emp020,2023-05-13
L000306,O000306,Emp013,2023-05-13
L000307,O000307,Emp019,2023-05-09
L000308,O000308,Emp008,2023-05-08
L000309,O000309,Emp018,2023-05-11
L000310,O000310,Emp012,2023-05-10
L000311,O000311,Emp012,2023-05-10
L000312,O000312,Emp008,2023-05-10
L000313,O000313,Emp016,2023-05-12
L000314,O000314,Emp014,2023-05-13
L000315,O000315,Emp016,2023-05-18
L000316,O000316,Emp009,2023-05-16
L000317,O000317,Emp008,2023-05-21
L000318,O000318,Emp013,2023-05-21
L000319,O000319,Emp007,2023-05-21
L000320,O000320,Emp013,2023-05-15
L000321,O000321,Emp022,2023-05-21
L000322,O000322,Emp009,2023-05-23
L000323,O000323,Emp018,2023-05-16
L000324,O000324,Emp010,2023-05-22
L000325,O000325,Emp013,2023-05-17
L000326,O000326,Emp009,2023-05-23
L000327,O000327,Emp009,2023-05-24
L000328,O000328,Emp011,2023-05-22
L000329,O000329,Emp007,2023-05-23
L000330,O000330,Emp018,2023-05-26
L000331,O000331,Emp007,2023-05-25
L000332,O000332,Emp011,2023-05-24
L000333,O000333,Emp013,2023-05-27
L000334,O000334,Emp010,2023-05-29
L000335,O000335,Emp018,2023-05-27
L000336,O000336,Emp013,2023-05-22
L000337,O000337,Emp020,2023-05-27
L000338,O000338,Emp013,2023-05-28
L000339,O000339,Emp006,2023-05-29
L000340,O000340,Emp007,2023-05-27
L000341,O000341,Emp023,2023-05-25
L000342,O000342,Emp018,2023-05-25
L000343,O000343,Emp012,2023-06-02
L000344,O000344,Emp013,2023-05-28
L000345,O000345,Emp017,2023-05-28
L000346,O000346,Emp015,2023-05-27
L000347,O000347,Emp012,2023-06-04
L000348,O000348,Emp010,2023-06-02
L000349,O000349,Emp014,2023-06-04
L000350,O000350,Emp010,2023-05-29
L000351,O000351,Emp009,2023-06-01
L000352,O000352,Emp017,2023-06-03
L000353,O000353,Emp011,2023-06-01
L000354,O000354,Emp021,2023-06-01
L000355,O000355,Emp009,2023-06-01
L000356,O000356,Emp008,2023-05-31
L000357,O000357,Emp018,2023-06-07
L000358,O000358,Emp018,2023-06-01
L000359,O000359,Emp013,2023-06-07
L000360,O000360,Emp010,2023-06-08
L000361,O000361,Emp009,2023-06-09
L000362,O000362,Emp012,2023-06-10
L000363,O000363,Emp023,2023-06-06
L000364,O000364,Emp006,2023-06-09
L000365,O000365,Emp008,2023-06-13
L000366,O000366,Emp011,2023-06-08
L000367,O000367,Emp013,2023-06-08
L000368,O000368,Emp006,2023-06-09
L000369,O000369,Emp013,2023-06-13
L000370,O000370,Emp009,2023-06-08
L000371,O000371,Emp022,2023-06-09
L000372,O000372,Emp011,2023-06-15
L000373,O000373,Emp011,2023-06-11
L000374,O000374,Emp016,2023-06-11
L000375,O000375,Emp008,2023-06-09
L000376,O000376,Emp013,2023-06-17
L000377,O000377,Emp017,2023-06-19
L000378,O000378,Emp019,2023-06-19
L000379,O000379,Emp016,2023-06-19
L000380,O000380,Emp013,2023-06-15
L000381,O000381,Emp009,2023-06-18
L000382,O000382,Emp006,2023-06-15
L000383,O000383,Emp021,2023-06-14
L000384,O000384,Emp018,2023-06-20
L000385,O000385,Emp013,2023-06-16
L000386,O000386,Emp012,2023-06-20
L000387,O000387,Emp027,2023-06-18
L000388,O000388,Emp019,2023-06-18
L000389,O000389,Emp011,2023-06-16
L000390,O000390,Emp019,2023-06-16
L000391,O000391,Emp013,2023-06-14
L000392,O000392,Emp022,2023-06-21
L000393,O000393,Emp019,2023-06-17
L000394,O000394,Emp018,2023-06-18
L000395,O000395,Emp016,2023-06-16
L000396,O000396,Emp011,2023-06-22
L000397,O000397,Emp007,2023-06-19
L000398,O000398,Emp008,2023-06-21
L000399,O000399,Emp018,2023-06-22
L000400,O000400,Emp010,2023-06-23
L000401,O000401,Emp018,2023-06-23
L000402,O000402,Emp009,2023-06-24
L000403,O000403,Emp020,2023-06-19
L000404,O000404,Emp021,2023-06-23
L000405,O000405,Emp007,2023-06-26
L000406,O000406,Emp021,2023-06-21
L000407,O000407,Emp013,2023-06-24
L000408,O000408,Emp007,2023-06-21
L000409,O000409,Emp010,2023-06-27
L000410,O000410,Emp012,2023-06-22
L000411,O000411,Emp023,2023-06-23
L000412,O000412,Emp006,2023-06-26
L000413,O000413,Emp021,2023-06-28
L000414,O000414,Emp008,2023-06-24
L000415,O000415,Emp011,2023-06-26
L000416,O000416,Emp013,2023-06-26
L000417,O000417,Emp022,2023-06-26
L000418,O000418,Emp011,2023-06-26
L000419,O000419,Emp022,2023-07-02
L000420,O000420,Emp011,2023-07-02
L000421,O000421,Emp018,2023-06-27
L000422,O000422,Emp017,2023-06-26
L000423,O000423,Emp010,2023-06-29
L000424,O000424,Emp007,2023-06-25
L000425,O000425,Emp007,2023-07-02
L000426,O000426,Emp011,2023-06-27
L000427,O000427,Emp011,2023-07-01
L000428,O000428,Emp009,2023-06-27
L000429,O000429,Emp011,2023-06-29
L000430,O000430,Emp012,2023-07-05
L000431,O000431,Emp007,2023-07-02
L000432,O000432,Emp006,2023-07-01
L000433,O000433,Emp018,2023-07-04
L000434,O000434,Emp016,2023-07-06
L000435,O000435,Emp022,2023-07-06
L000436,O000436,Emp013,2023-07-01
L000437,O000437,Emp020,2023-07-06
L000438,O000438,Emp012,2023-07-01
L000439,O000439,Emp010,2023-07-03
L000440,O000440,Emp008,2023-07-06
L000441,O000441,Emp015,2023-07-08
L000442,O000442,Emp009,2023-07-04
L000443,O000443,Emp019,2023-07-11
L000444,O000444,Emp012,2023-07-08
L000445,O000445,Emp017,2023-07-06
L000446,O000446,Emp011,2023-07-12
L000447,O000447,Emp015,2023-07-06
L000448,O000448,Emp015,2023-07-08
L000449,O000449,Emp019,2023-07-10
L000450,O000450,Emp012,2023-07-11
L000451,O000451,Emp014,2023-07-08
L000452,O000452,Emp012,2023-07-09
L000453,O000453,Emp014,2023-07-16
L000454,O000454,Emp006,2023-07-14
L000455,O000455,Emp007,2023-07-09
L000456,O000456,Emp010,2023-07-14
L000457,O000457,Emp019,2023-07-13
L000458,O000458,Emp008,2023-07-10
L000459,O000459,Emp007,2023-07-10
L000460,O000460,Emp012,2023-07-19
L000461,O000461,Emp012,2023-07-16
L000462,O000462,Emp012,2023-07-21
L000463,O000463,Emp022,2023-07-14
L000464,O000464,Emp013,2023-07-21
L000465,O000465,Emp015,2023-07-23
L000466,O000466,Emp013,2023-07-20
L000467,O000467,Emp019,2023-07-17
L000468,O000468,Emp013,2023-07-16
L000469,O000469,Emp011,2023-07-19
L000470,O000470,Emp025,2023-07-18
L000471,O000471,Emp018,2023-07-25
L000472,O000472,Emp021,2023-07-18
L000473,O000473,Emp007,2023-07-21
L000474,O000474,Emp007,2023-07-23
L000475,O000475,Emp011,2023-07-24
L000476,O000476,Emp011,2023-07-20
L000477,O000477,Emp019,2023-07-23
L000478,O000478,Emp008,2023-07-20
L000479,O000479,Emp023,2023-07-19
L000480,O000480,Emp023,2023-07-25
L000481,O000481,Emp012,2023-07-22
L000482,O000482,Emp011,2023-07-22
L000483,O000483,Emp013,2023-07-23
L000484,O000484,Emp007,2023-07-24
L000485,O000485,Emp020,2023-07-25
L000486,O000486,Emp012,2023-07-25
L000487,O000487,Emp016,2023-07-30
L000488,O000488,Emp021,2023-07-29
L000489,O000489,Emp013,2023-07-28
L000490,O000490,Emp009,2023-07-26
L000491,O000491,Emp008,2023-07-29
L000492,O000492,Emp009,2023-08-01
L000493,O000493,Emp011,2023-07-31
L000494,O000494,Emp014,2023-07-29
L000495,O000495,Emp023,2023-08-02
L000496,O000496,Emp026,2023-07-30
L000497,O000497,Emp012,2023-08-04
L000498,O000498,Emp011,2023-08-04
L000499,O000499,Emp023,2023-07-31
L000500,O000500,Emp007,2023-08-01
L000501,O000501,Emp016,2023-08-08
L000502,O000502,Emp016,2023-08-02
L000503,O000503,Emp012,2023-08-06
L000504,O000504,Emp012,2023-08-01
L000505,O000505,Emp012,2023-08-01
L000506,O000506,Emp009,2023-08-08
L000507,O000507,Emp026,2023-08-05
L000508,O000508,Emp010,2023-08-10
L000509,O000509,Emp007,2023-08-03
L000510,O000510,Emp018,2023-08-02
L000511,O000511,Emp011,2023-08-11
L000512,O000512,Emp019,2023-08-08
L000513,O000513,Emp020,2023-08-04
L000514,O000514,Emp008,2023-08-11
L000515,O000515,Emp011,2023-08-10
L000516,O000516,Emp010,2023-08-07
L000517,O000517,Emp007,2023-08-13
L000518,O000518,Emp015,2023-08-09
L000519,O000519,Emp012,2023-08-07
L000520,O000520,Emp026,2023-08-07
L000521,O000521,Emp013,2023-08-10
L000522,O000522,Emp015,2023-08-10
L000523,O000523,Emp008,2023-08-08
L000524,O000524,Emp017,2023-08-08
L000525,O000525,Emp016,2023-08-07
L000526,O000526,Emp013,2023-08-08
L000527,O000527,Emp014,2023-08-09
L000528,O000528,Emp008,2023-08-14
L000529,O000529,Emp015,2023-08-13
L000530,O000530,Emp018,2023-08-11
L000531,O000531,Emp010,2023-08-16
L000532,O000532,Emp017,2023-08-15
L000533,O000533,Emp011,2023-08-11
L000534,O000534,Emp021,2023-08-19
L000535,O000535,Emp008,2023-08-18
L000536,O000536,Emp008,2023-08-16
L000537,O000537,Emp007,2023-08-17
L000538,O000538,Emp013,2023-08-16
L000539,O000539,Emp014,2023-08-18
L000540,O000540,Emp007,2023-08-15
L000541,O000541,Emp011,2023-08-18
L000542,O000542,Emp015,2023-08-20
L000543,O000543,Emp011,2023-08-20
L000544,O000544,Emp006,2023-08-16
L000545,O000545,Emp019,2023-08-23
L000546,O000546,Emp007,2023-08-19
L000547,O000547,Emp013,2023-08-16
L000548,O000548,Emp018,2023-08-19
L000549,O000549,Emp021,2023-08-16
L000550,O000550,Emp027,2023-08-23
L000551,O000551,Emp010,2023-08-25
L000552,O000552,Emp006,2023-08-24
L000553,O000553,Emp019,2023-08-24
L000554,O000554,Emp026,2023-08-19
L000555,O000555,Emp019,2023-08-26
L000556,O000556,Emp017,2023-08-26
L000557,O000557,Emp011,2023-08-25
L000558,O000558,Emp010,2023-08-24
L000559,O000559,Emp011,2023-08-24
L000560,O000560,Emp006,2023-08-22
L000561,O000561,Emp022,2023-08-26
L000562,O000562,Emp010,2023-08-27
L000563,O000563,Emp006,2023-08-23
L000564,O000564,Emp021,2023-08-24
L000565,O000565,Emp011,2023-08-23
L000566,O000566,Emp013,2023-08-28
L000567,O000567,Emp015,2023-08-30
L000568,O000568,Emp009,2023-08-31
L000569,O000569,Emp013,2023-08-30
L000570,O000570,Emp012,2023-08-25
L000571,O000571,Emp012,2023-08-30
L000572,O000572,Emp015,2023-08-25
L000573,O000573,Emp008,2023-09-01
L000574,O000574,Emp012,2023-08-28
L000575,O000575,Emp014,2023-08-28
L000576,O000576,Emp007,2023-08-29
L000577,O000577,Emp013,2023-09-01
L000578,O000578,Emp017,2023-08-31
L000579,O000579,Emp011,2023-09-02
L000580,O000580,Emp013,2023-09-04
L000581,O000581,Emp011,2023-08-29
L000582,O000582,Emp006,2023-09-02
L000583,O000583,Emp019,2023-08-28
L000584,O000584,Emp014,2023-08-28
L000585,O000585,Emp008,2023-09-02
L000586,O000586,Emp011,2023-09-03
L000587,O000587,Emp010,2023-09-07
L000588,O000588,Emp017,2023-09-04
L000589,O000589,Emp011,2023-09-05
L000590,O000590,Emp012,2023-09-01
L000591,O000591,Emp016,2023-09-07
L000592,O000592,Emp007,2023-09-06
L000593,O000593,Emp022,2023-09-07
L000594,O000594,Emp018,2023-09-05
L000595,O000595,Emp014,2023-09-09
L000596,O000596,Emp022,2023-09-08
L000597,O000597,Emp018,2023-09-07
L000598,O000598,Emp012,2023-09-04
L000599,O000599,Emp006,2023-09-03
L000600,O000600,Emp019,2023-09-07
L000601,O000601,Emp012,2023-09-05
L000602,O000602,Emp016,2023-09-06
L000603,O000603,Emp012,2023-09-09
L000604,O000604,Emp011,2023-09-08
L000605,O000605,Emp008,2023-09-04
L000606,O000606,Emp015,2023-09-03
L000607,O000607,Emp024,2023-09-08
L000608,O000608,Emp011,2023-09-04
L000609,O000609,Emp008,2023-09-09
L000610,O000610,Emp011,2023-09-04
L000611,O000611,Emp008,2023-09-09
L000612,O000612,Emp012,2023-09-05
L000613,O000613,Emp014,2023-09-06
L000614,O000614,Emp019,2023-09-08
L000615,O000615,Emp012,2023-09-10
L000616,O000616,Emp021,2023-09-12
L000617,O000617,Emp009,2023-09-10
L000618,O000618,Emp009,2023-09-13
L000619,O000619,Emp011,2023-09-12
L000620,O000620,Emp022,2023-09-11
L000621,O000621,Emp008,2023-09-15
L000622,O000622,Emp017,2023-09-13
L000623,O000623,Emp008,2023-09-12
L000624,O000624,Emp011,2023-09-17
L000625,O000625,Emp006,2023-09-14
L000626,O000626,Emp006,2023-09-14
L000627,O000627,Emp008,2023-09-18
L000628,O000628,Emp014,2023-09-13
L000629,O000629,Emp018,2023-09-18
L000630,O000630,Emp012,2023-09-13
L000631,O000631,Emp010,2023-09-12
L000632,O000632,Emp015,2023-09-15
L000633,O000633,Emp014,2023-09-14
L000634,O000634,Emp014,2023-09-19
L000635,O000635,Emp011,2023-09-21
L000636,O000636,Emp016,2023-09-17
L000637,O000637,Emp013,2023-09-21
L000638,O000638,Emp007,2023-09-17
L000639,O000639,Emp007,2023-09-21
L000640,O000640,Emp011,2023-09-24
L000641,O000641,Emp013,2023-09-18
L000642,O000642,Emp011,2023-09-18
L000643,O000643,Emp012,2023-09-20
L000644,O000644,Emp007,2023-09-19
L000645,O000645,Emp020,2023-09-19
L000646,O000646,Emp007,2023-09-25
L000647,O000647,Emp012,2023-09-19
L000648,O000648,Emp008,2023-09-21
L000649,O000649,Emp021,2023-09-20
L000650,O000650,Emp013,2023-09-25
L000651,O000651,Emp013,2023-09-21
L000652,O000652,Emp021,2023-09-21
L000653,O000653,Emp013,2023-09-22
L000654,O000654,Emp012,2023-09-23
L000655,O000655,Emp011,2023-09-26
L000656,O000656,Emp010,2023-09-27
L000657,O000657,Emp015,2023-09-25
L000658,O000658,Emp027,2023-09-25
L000659,O000659,Emp022,2023-09-30
L000660,O000660,Emp006,2023-09-27
L000661,O000661,Emp006,2023-09-29
L000662,O000662,Emp009,2023-09-27
L000663,O000663,Emp008,2023-10-03
L000664,O000664,Emp017,2023-09-28
L000665,O000665,Emp019,2023-10-01
L000666,O000666,Emp021,2023-09-29
L000667,O000667,Emp006,2023-10-03
L000668,O000668,Emp014,2023-10-01
L000669,O000669,Emp018,2023-10-02
L000670,O000670,Emp013,2023-10-06
L000671,O000671,Emp010,2023-09-30
L000672,O000672,Emp007,2023-09-30
L000673,O000673,Emp019,2023-10-04
L000674,O000674,Emp011,2023-10-03
L000675,O000675,Emp007,2023-10-02
L000676,O000676,Emp014,2023-10-07
L000677,O000677,Emp013,2023-10-03
L000678,O000678,Emp019,2023-10-01
L000679,O000679,Emp011,2023-10-03
L000680,O000680,Emp007,2023-10-09
L000681,O000681,Emp018,2023-10-04
L000682,O000682,Emp007,2023-10-08
L000683,O000683,Emp014,2023-10-08
L000684,O000684,Emp019,2023-10-03
L000685,O000685,Emp012,2023-10-04
L000686,O000686,Emp007,2023-10-08
L000687,O000687,Emp011,2023-10-08
L000688,O000688,Emp007,2023-10-09
L000689,O000689,Emp010,2023-10-10
L000690,O000690,Emp022,2023-10-07
L000691,O000691,Emp013,2023-10-06
L000692,O000692,Emp015,2023-10-10
L000693,O000693,Emp008,2023-10-12
L000694,O000694,Emp012,2023-10-09
L000695,O000695,Emp009,2023-10-13
L000696,O000696,Emp009,2023-10-07
L000697,O000697,Emp022,2023-10-14
L000698,O000698,Emp007,2023-10-12
L000699,O000699,Emp026,2023-10-13
L000700,O000700,Emp021,2023-10-08
L000701,O000701,Emp021,2023-10-07
L000702,O000702,Emp016,2023-10-15
L000703,O000703,Emp026,2023-10-08
L000704,O000704,Emp016,2023-10-09
L000705,O000705,Emp008,2023-10-09
L000706,O000706,Emp007,2023-10-13
L000707,O000707,Emp021,2023-10-10
L000708,O000708,Emp021,2023-10-16
L000709,O000709,Emp012,2023-10-17
L000710,O000710,Emp007,2023-10-18
L000711,O000711,Emp015,2023-10-13
L000712,O000712,Emp022,2023-10-13
L000713,O000713,Emp009,2023-10-15
L000714,O000714,Emp013,2023-10-20
L000715,O000715,Emp018,2023-10-18
L000716,O000716,Emp011,2023-10-19
L000717,O000717,Emp022,2023-10-17
L000718,O000718,Emp012,2023-10-16
L000719,O000719,Emp018,2023-10-15
L000720,O000720,Emp008,2023-10-19
L000721,O000721,Emp009,2023-10-15
L000722,O000722,Emp007,2023-10-23
L000723,O000723,Emp017,2023-10-17
L000724,O000724,Emp009,2023-10-18
L000725,O000725,Emp008,2023-10-22
L000726,O000726,Emp010,2023-10-21
L000727,O000727,Emp009,2023-10-24
L000728,O000728,Emp011,2023-10-19
L000729,O000729,Emp015,2023-10-19
L000730,O000730,Emp009,2023-10-22
L000731,O000731,Emp007,2023-10-19
L000732,O000732,Emp012,2023-10-20
L000733,O000733,Emp009,2023-10-24
L000734,O000734,Emp021,2023-10-21
L000735,O000735,Emp007,2023-10-21
L000736,O000736,Emp022,2023-10-21
L000737,O000737,Emp013,2023-10-19
L000738,O000738,Emp008,2023-10-19
L000739,O000739,Emp012,2023-10-20
L000740,O000740,Emp009,2023-10-20
L000741,O000741,Emp012,2023-10-21
L000742,O000742,Emp023,2023-10-22
L000743,O000743,Emp017,2023-10-27
L000744,O000744,Emp011,2023-10-22
L000745,O000745,Emp008,2023-10-21
L000746,O000746,Emp025,2023-10-28
L000747,O000747,Emp013,2023-10-25
L000748,O000748,Emp023,2023-10-25
L000749,O000749,Emp017,2023-10-24
L000750,O000750,Emp017,2023-10-23
L000751,O000751,Emp009,2023-10-23
L000752,O000752,Emp011,2023-10-28
L000753,O000753,Emp010,2023-10-23
L000754,O000754,Emp013,2023-10-29
L000755,O000755,Emp007,2023-10-25
L000756,O000756,Emp013,2023-10-25
L000757,O000757,Emp014,2023-10-23
L000758,O000758,Emp010,2023-10-26
L000759,O000759,Emp011,2023-10-29
L000760,O000760,Emp008,2023-10-31
L000761,O000761,Emp017,2023-10-26
L000762,O000762,Emp016,2023-10-26
L000763,O000763,Emp024,2023-10-31
L000764,O000764,Emp014,2023-11-01
L000765,O000765,Emp016,2023-11-01
L000766,O000766,Emp012,2023-10-31
L000767,O000767,Emp007,2023-10-28
L000768,O000768,Emp006,2023-10-29
L000769,O000769,Emp016,2023-11-01
L000770,O000770,Emp011,2023-10-30
L000771,O000771,Emp019,2023-11-03
L000772,O000772,Emp010,2023-10-31
L000773,O000773,Emp006,2023-11-04
L000774,O000774,Emp006,2023-11-04
L000775,O000775,Emp009,2023-11-03
L000776,O000776,Emp011,2023-10-31
L000777,O000777,Emp017,2023-11-02
L000778,O000778,Emp020,2023-11-05
L000779,O000779,Emp014,2023-11-01
L000780,O000780,Emp007,2023-11-06
L000781,O000781,Emp013,2023-11-01
L000782,O000782,Emp015,2023-11-02
L000783,O000783,Emp023,2023-11-01
L000784,O000784,Emp015,2023-11-03
L000785,O000785,Emp013,2023-11-07
L000786,O000786,Emp010,2023-11-04
L000787,O000787,Emp022,2023-11-04
L000788,O000788,Emp009,2023-11-08
L000789,O000789,Emp006,2023-11-08
L000790,O000790,Emp017,2023-11-02
L000791,O000791,Emp011,2023-11-04
L000792,O000792,Emp009,2023-11-07
L000793,O000793,Emp013,2023-11-05
L000794,O000794,Emp010,2023-11-10
L000795,O000795,Emp012,2023-11-04
L000796,O000796,Emp022,2023-11-05
L000797,O000797,Emp019,2023-11-07
L000798,O000798,Emp008,2023-11-07
L000799,O000799,Emp010,2023-11-11
L000800,O000800,Emp009,2023-11-10
L000801,O000801,Emp007,2023-11-05
L000802,O000802,Emp012,2023-11-07
L000803,O000803,Emp018,2023-11-11
L000804,O000804,Emp013,2023-11-13
L000805,O000805,Emp019,2023-11-07
L000806,O000806,Emp012,2023-11-13
L000807,O000807,Emp012,2023-11-13
L000808,O000808,Emp012,2023-11-08
L000809,O000809,Emp011,2023-11-11
L000810,O000810,Emp012,2023-11-13
L000811,O000811,Emp007,2023-11-12
L000812,O000812,Emp013,2023-11-07
L000813,O000813,Emp019,2023-11-10
L000814,O000814,Emp018,2023-11-10
L000815,O000815,Emp026,2023-11-13
L000816,O000816,Emp013,2023-11-15
L000817,O000817,Emp014,2023-11-16
L000818,O000818,Emp018,2023-11-12
L000819,O000819,Emp021,2023-11-09
L000820,O000820,Emp013,2023-11-17
L000821,O000821,Emp017,2023-11-12
L000822,O000822,Emp014,2023-11-10
L000823,O000823,Emp020,2023-11-16
L000824,O000824,Emp011,2023-11-17
L000825,O000825,Emp022,2023-11-15
L000826,O000826,Emp018,2023-11-12
L000827,O000827,Emp013,2023-11-11
L000828,O000828,Emp015,2023-11-12
L000829,O000829,Emp010,2023-11-17
L000830,O000830,Emp008,2023-11-15
L000831,O000831,Emp015,2023-11-14
L000832,O000832,Emp011,2023-11-18
L000833,O000833,Emp012,2023-11-14
L000834,O000834,Emp011,2023-11-16
L000835,O000835,Emp009,2023-11-19
L000836,O000836,Emp013,2023-11-16
L000837,O000837,Emp010,2023-11-16
L000838,O000838,Emp008,2023-11-16
L000839,O000839,Emp012,2023-11-21
L000840,O000840,Emp010,2023-11-16
L000841,O000841,Emp010,2023-11-23
L000842,O000842,Emp018,2023-11-17
L000843,O000843,Emp019,2023-11-19
L000844,O000844,Emp023,2023-11-17
L000845,O000845,Emp014,2023-11-18
L000846,O000846,Emp020,2023-11-17
L000847,O000847,Emp013,2023-11-23
L000848,O000848,Emp011,2023-11-24
L000849,O000849,Emp013,2023-11-20
L000850,O000850,Emp009,2023-11-20
L000851,O000851,Emp016,2023-11-23
L000852,O000852,Emp014,2023-11-24
L000853,O000853,Emp018,2023-11-22
L000854,O000854,Emp007,2023-11-27
L000855,O000855,Emp020,2023-11-26
L000856,O000856,Emp010,2023-11-22
L000857,O000857,Emp012,2023-11-27
L000858,O000858,Emp006,2023-11-26
L000859,O000859,Emp011,2023-11-22
L000860,O000860,Emp006,2023-11-22
L000861,O000861,Emp007,2023-11-23
L000862,O000862,Emp017,2023-11-23
L000863,O000863,Emp011,2023-11-28
L000864,O000864,Emp011,2023-11-27
L000865,O000865,Emp012,2023-11-22
L000866,O000866,Emp007,2023-11-26
L000867,O000867,Emp014,2023-11-22
L000868,O000868,Emp023,2023-11-30
L000869,O000869,Emp010,2023-11-26
L000870,O000870,Emp026,2023-11-26
L000871,O000871,Emp013,2023-11-29
L000872,O000872,Emp012,2023-11-26
L000873,O000873,Emp012,2023-11-27
L000874,O000874,Emp019,2023-12-04
L000875,O000875,Emp009,2023-11-29
L000876,O000876,Emp021,2023-11-29
L000877,O000877,Emp019,2023-12-02
L000878,O000878,Emp011,2023-11-27
L000879,O000879,Emp022,2023-11-30
L000880,O000880,Emp026,2023-11-29
L000881,O000881,Emp015,2023-11-29
L000882,O000882,Emp012,2023-11-29
L000883,O000883,Emp008,2023-12-02
L000884,O000884,Emp006,2023-12-04
L000885,O000885,Emp011,2023-11-28
L000886,O000886,Emp012,2023-12-06
L000887,O000887,Emp021,2023-12-02
L000888,O000888,Emp010,2023-12-05
L000889,O000889,Emp017,2023-11-30
L000890,O000890,Emp022,2023-12-06
L000891,O000891,Emp008,2023-12-02
L000892,O000892,Emp010,2023-12-05
L000893,O000893,Emp018,2023-12-08
L000894,O000894,Emp009,2023-12-09
L000895,O000895,Emp013,2023-12-04
L000896,O000896,Emp012,2023-12-01
L000897,O000897,Emp011,2023-12-10
L000898,O000898,Emp013,2023-12-09
L000899,O000899,Emp023,2023-12-04
L000900,O000900,Emp016,2023-12-08
L000901,O000901,Emp011,2023-12-08
L000902,O000902,Emp006,2023-12-03
L000903,O000903,Emp011,2023-12-09
L000904,O000904,Emp020,2023-12-06
L000905,O000905,Emp013,2023-12-05
L000906,O000906,Emp010,2023-12-05
L000907,O000907,Emp013,2023-12-07
L000908,O000908,Emp006,2023-12-07
L000909,O000909,Emp023,2023-12-08
L000910,O000910,Emp018,2023-12-10
L000911,O000911,Emp019,2023-12-12
L000912,O000912,Emp013,2023-12-08
L000913,O000913,Emp009,2023-12-06
L000914,O000914,Emp011,2023-12-07
L000915,O000915,Emp013,2023-12-12
L000916,O000916,Emp010,2023-12-10
L000917,O000917,Emp012,2023-12-12
L000918,O000918,Emp018,2023-12-14
L000919,O000919,Emp025,2023-12-07
L000920,O000920,Emp013,2023-12-09
L000921,O000921,Emp012,2023-12-12
L000922,O000922,Emp009,2023-12-09
L000923,O000923,Emp022,2023-12-13
L000924,O000924,Emp008,2023-12-14
L000925,O000925,Emp022,2023-12-09
L000926,O000926,Emp010,2023-12-16
L000927,O000927,Emp013,2023-12-10
L000928,O000928,Emp011,2023-12-14
L000929,O000929,Emp010,2023-12-12
L000930,O000930,Emp023,2023-12-18
L000931,O000931,Emp018,2023-12-18
L000932,O000932,Emp007,2023-12-14
L000933,O000933,Emp008,2023-12-12
L000934,O000934,Emp012,2023-12-15
L000935,O000935,Emp024,2023-12-14
L000936,O000936,Emp013,2023-12-17
L000937,O000937,Emp014,2023-12-17
L000938,O000938,Emp011,2023-12-15
L000939,O000939,Emp009,2023-12-19
L000940,O000940,Emp022,2023-12-17
L000941,O000941,Emp012,2023-12-15
L000942,O000942,Emp012,2023-12-19
L000943,O000943,Emp006,2023-12-20
L000944,O000944,Emp010,2023-12-15
L000945,O000945,Emp013,2023-12-18
L000946,O000946,Emp012,2023-12-18
L000947,O000947,Emp017,2023-12-22
L000948,O000948,Emp010,2023-12-15
L000949,O000949,Emp013,2023-12-22
L000950,O000950,Emp027,2023-12-18
L000951,O000951,Emp012,2023-12-17
L000952,O000952,Emp021,2023-12-18
L000953,O000953,Emp011,2023-12-18
L000954,O000954,Emp012,2023-12-18
L000955,O000955,Emp013,2023-12-22
L000956,O000956,Emp012,2023-12-19
L000957,O000957,Emp012,2023-12-23
L000958,O000958,Emp020,2023-12-19
L000959,O000959,Emp008,2023-12-24
L000960,O000960,Emp013,2023-12-17
L000961,O000961,Emp008,2023-12-24
L000962,O000962,Emp009,2023-12-24
L000963,O000963,Emp007,2023-12-24
L000964,O000964,Emp009,2023-12-24
L000965,O000965,Emp010,2023-12-18
L000966,O000966,Emp017,2023-12-26
L000967,O000967,Emp008,2023-12-24
L000968,O000968,Emp007,2023-12-23
L000969,O000969,Emp010,2023-12-26
L000970,O000970,Emp009,2023-12-21
L000971,O000971,Emp007,2023-12-23
L000972,O000972,Emp022,2023-12-26
L000973,O000973,Emp017,2023-12-28
L000974,O000974,Emp014,2023-12-28
L000975,O000975,Emp009,2023-12-26
L000976,O000976,Emp014,2023-12-27
L000977,O000977,Emp022,2023-12-24
L000978,O000978,Emp009,2023-12-23
L000979,O000979,Emp021,2023-12-24
L000980,O000980,Emp016,2023-12-24
L000981,O000981,Emp012,2023-12-22
L000982,O000982,Emp009,2023-12-26
L000983,O000983,Emp014,2023-12-26
L000984,O000984,Emp016,2023-12-30
L000985,O000985,Emp016,2023-12-30
L000986,O000986,Emp010,2023-12-30
L000987,O000987,Emp013,2023-12-31
L000988,O000988,Emp009,2023-12-29
L000989,O000989,Emp006,2023-12-27
L000990,O000990,Emp021,2023-12-29
L000991,O000991,Emp013,2024-01-01
L000992,O000992,Emp017,2023-12-27
L000993,O000993,Emp011,2023-12-31
L000994,O000994,Emp015,2024-01-01
L000995,O000995,Emp009,2024-01-02
L000996,O000996,Emp017,2023-12-29
L000997,O000997,Emp017,2023-12-27
L000998,O000998,Emp021,2023-12-28
L000999,O000999,Emp019,2024-01-03
L001000,O001000,Emp010,2023-12-31
L001001,O001001,Emp010,2023-12-27
L001002,O001002,Emp006,2023-12-29
L001003,O001003,Emp008,2023-12-29
L001004,O001004,Emp011,2023-12-31
L001005,O001005,Emp019,2023-12-28
L001006,O001006,Emp012,2024-01-03
L001007,O001007,Emp022,2024-01-04
L001008,O001008,Emp015,2024-01-05
L001009,O001009,Emp006,2024-01-03
L001010,O001010,Emp012,2024-01-04
L001011,O001011,Emp010,2024-01-04
L001012,O001012,Emp011,2024-01-05
L001013,O001013,Emp012,2024-01-04
L001014,O001014,Emp006,2023-12-31
L001015,O001015,Emp008,2023-12-31
L001016,O001016,Emp023,2024-01-04
L001017,O001017,Emp013,2024-01-07
L001018,O001018,Emp009,2024-01-06
L001019,O001019,Emp020,2024-01-02
L001020,O001020,Emp009,2024-01-08
L001021,O001021,Emp017,2024-01-05
L001022,O001022,Emp026,2024-01-03
L001023,O001023,Emp006,2024-01-05
L001024,O001024,Emp009,2024-01-04
L001025,O001025,Emp014,2024-01-09
L001026,O001026,Emp021,2024-01-03
L001027,O001027,Emp022,2024-01-10
L001028,O001028,Emp007,2024-01-09
L001029,O001029,Emp009,2024-01-05
L001030,O001030,Emp019,2024-01-08
L001031,O001031,Emp011,2024-01-11
L001032,O001032,Emp027,2024-01-08
L001033,O001033,Emp006,2024-01-07
L001034,O001034,Emp020,2024-01-12
L001035,O001035,Emp009,2024-01-07
L001036,O001036,Emp023,2024-01-08
L001037,O001037,Emp012,2024-01-08
L001038,O001038,Emp006,2024-01-06
L001039,O001039,Emp020,2024-01-07
L001040,O001040,Emp007,2024-01-07
L001041,O001041,Emp019,2024-01-12
L001042,O001042,Emp017,2024-01-14
L001043,O001043,Emp010,2024-01-13
L001044,O001044,Emp011,2024-01-09
L001045,O001045,Emp008,2024-01-15
L001046,O001046,Emp010,2024-01-15
L001047,O001047,Emp018,2024-01-09
L001048,O001048,Emp014,2024-01-12
L001049,O001049,Emp009,2024-01-11
L001050,O001050,Emp012,2024-01-16
L001051,O001051,Emp006,2024-01-14
L001052,O001052,Emp010,2024-01-10
L001053,O001053,Emp013,2024-01-12
L001054,O001054,Emp026,2024-01-13
L001055,O001055,Emp011,2024-01-12
L001056,O001056,Emp013,2024-01-17
L001057,O001057,Emp010,2024-01-17
L001058,O001058,Emp012,2024-01-11
L001059,O001059,Emp013,2024-01-18
L001060,O001060,Emp009,2024-01-15
L001061,O001061,Emp022,2024-01-13
L001062,O001062,Emp007,2024-01-14
L001063,O001063,Emp008,2024-01-14
L001064,O001064,Emp023,2024-01-20
L001065,O001065,Emp019,2024-01-12
L001066,O001066,Emp020,2024-01-12
L001067,O001067,Emp009,2024-01-17
L001068,O001068,Emp023,2024-01-19
L001069,O001069,Emp012,2024-01-21
L001070,O001070,Emp021,2024-01-16
L001071,O001071,Emp018,2024-01-18
L001072,O001072,Emp014,2024-01-19
L001073,O001073,Emp020,2024-01-20
L001074,O001074,Emp007,2024-01-13
L001075,O001075,Emp013,2024-01-15
L001076,O001076,Emp013,2024-01-15
L001077,O001077,Emp017,2024-01-15
L001078,O001078,Emp013,2024-01-18
L001079,O001079,Emp014,2024-01-23
L001080,O001080,Emp019,2024-01-16
L001081,O001081,Emp008,2024-01-19
L001082,O001082,Emp017,2024-01-19
L001083,O001083,Emp022,2024-01-17
L001084,O001084,Emp014,2024-01-18
L001085,O001085,Emp006,2024-01-24
L001086,O001086,Emp019,2024-01-18
L001087,O001087,Emp011,2024-01-19
L001088,O001088,Emp025,2024-01-25
L001089,O001089,Emp018,2024-01-19
L001090,O001090,Emp017,2024-01-20
L001091,O001091,Emp018,2024-01-25
L001092,O001092,Emp016,2024-01-23
L001093,O001093,Emp020,2024-01-26
L001094,O001094,Emp008,2024-01-20
L001095,O001095,Emp011,2024-01-25
L001096,O001096,Emp009,2024-01-22
L001097,O001097,Emp016,2024-01-21
L001098,O001098,Emp024,2024-01-21
L001099,O001099,Emp016,2024-01-22
L001100,O001100,Emp018,2024-01-21
L001101,O001101,Emp012,2024-01-26
L001102,O001102,Emp010,2024-01-26
L001103,O001103,Emp012,2024-01-23
L001104,O001104,Emp013,2024-01-27
L001105,O001105,Emp023,2024-01-21
L001106,O001106,Emp013,2024-01-23
L001107,O001107,Emp020,2024-01-27
L001108,O001108,Emp013,2024-01-23
L001109,O001109,Emp009,2024-01-27
L001110,O001110,Emp015,2024-01-23
L001111,O001111,Emp015,2024-01-22
L001112,O001112,Emp013,2024-01-23
L001113,O001113,Emp006,2024-01-24
L001114,O001114,Emp012,2024-01-25
L001115,O001115,Emp020,2024-01-24
L001116,O001116,Emp006,2024-01-24
L001117,O001117,Emp007,2024-01-29
L001118,O001118,Emp010,2024-01-25
L001119,O001119,Emp013,2024-01-27
L001120,O001120,Emp009,2024-01-30
L001121,O001121,Emp013,2024-01-24
L001122,O001122,Emp013,2024-02-01
L001123,O001123,Emp018,2024-01-24
L001124,O001124,Emp015,2024-01-24
L001125,O001125,Emp006,2024-01-24
L001126,O001126,Emp008,2024-01-31
L001127,O001127,Emp020,2024-02-01
L001128,O001128,Emp022,2024-01-29
L001129,O001129,Emp022,2024-01-27
L001130,O001130,Emp012,2024-02-01
L001131,O001131,Emp011,2024-02-04
L001132,O001132,Emp021,2024-02-02
L001133,O001133,Emp013,2024-01-29
L001134,O001134,Emp012,2024-02-01
L001135,O001135,Emp012,2024-02-05
L001136,O001136,Emp014,2024-01-29
L001137,O001137,Emp013,2024-02-04
L001138,O001138,Emp017,2024-01-31
L001139,O001139,Emp009,2024-02-02
L001140,O001140,Emp012,2024-02-05
L001141,O001141,Emp027,2024-01-28
L001142,O001142,Emp019,2024-02-03
L001143,O001143,Emp021,2024-01-31
L001144,O001144,Emp006,2024-01-30
L001145,O001145,Emp009,2024-02-05
L001146,O001146,Emp021,2024-01-30
L001147,O001147,Emp022,2024-01-29
L001148,O001148,Emp008,2024-02-02
L001149,O001149,Emp008,2024-01-30
L001150,O001150,Emp009,2024-02-05
L001151,O001151,Emp019,2024-02-05
L001152,O001152,Emp010,2024-02-04
L001153,O001153,Emp016,2024-02-08
L001154,O001154,Emp014,2024-02-06
L001155,O001155,Emp022,2024-01-31
L001156,O001156,Emp012,2024-02-01
L001157,O001157,Emp009,2024-02-02
L001158,O001158,Emp013,2024-02-08
L001159,O001159,Emp018,2024-02-01
L001160,O001160,Emp011,2024-02-02
L001161,O001161,Emp008,2024-02-03
L001162,O001162,Emp013,2024-02-06
L001163,O001163,Emp013,2024-02-10
L001164,O001164,Emp018,2024-02-11
L001165,O001165,Emp014,2024-02-04
L001166,O001166,Emp018,2024-02-05
L001167,O001167,Emp007,2024-02-06
L001168,O001168,Emp011,2024-02-05
L001169,O001169,Emp010,2024-02-10
L001170,O001170,Emp017,2024-02-10
L001171,O001171,Emp013,2024-02-10
L001172,O001172,Emp023,2024-02-11
L001173,O001173,Emp014,2024-02-05
L001174,O001174,Emp010,2024-02-13
L001175,O001175,Emp017,2024-02-11
L001176,O001176,Emp011,2024-02-10
L001177,O001177,Emp008,2024-02-09
L001178,O001178,Emp011,2024-02-08
L001179,O001179,Emp012,2024-02-10
L001180,O001180,Emp011,2024-02-12
L001181,O001181,Emp015,2024-02-11
L001182,O001182,Emp007,2024-02-12
L001183,O001183,Emp008,2024-02-10
L001184,O001184,Emp016,2024-02-13
L001185,O001185,Emp007,2024-02-08
L001186,O001186,Emp008,2024-02-08
L001187,O001187,Emp026,2024-02-15
L001188,O001188,Emp023,2024-02-15
L001189,O001189,Emp013,2024-02-10
L001190,O001190,Emp017,2024-02-09
L001191,O001191,Emp007,2024-02-16
L001192,O001192,Emp012,2024-02-10
L001193,O001193,Emp016,2024-02-16
L001194,O001194,Emp013,2024-02-10
L001195,O001195,Emp011,2024-02-15
L001196,O001196,Emp017,2024-02-11
L001197,O001197,Emp019,2024-02-17
L001198,O001198,Emp009,2024-02-16
L001199,O001199,Emp009,2024-02-16
L001200,O001200,Emp019,2024-02-10
L001201,O001201,Emp015,2024-02-17
L001202,O001202,Emp013,2024-02-17
L001203,O001203,Emp008,2024-02-12
L001204,O001204,Emp009,2024-02-12
L001205,O001205,Emp022,2024-02-14
L001206,O001206,Emp014,2024-02-16
L001207,O001207,Emp007,2024-02-13
L001208,O001208,Emp023,2024-02-13
L001209,O001209,Emp011,2024-02-19
L001210,O001210,Emp020,2024-02-19
L001211,O001211,Emp011,2024-02-21
L001212,O001212,Emp009,2024-02-16
L001213,O001213,Emp011,2024-02-16
L001214,O001214,Emp007,2024-02-21
L001215,O001215,Emp018,2024-02-21
L001216,O001216,Emp012,2024-02-22
L001217,O001217,Emp010,2024-02-19
L001218,O001218,Emp007,2024-02-16
L001219,O001219,Emp006,2024-02-18
L001220,O001220,Emp021,2024-02-16
L001221,O001221,Emp009,2024-02-21
L001222,O001222,Emp011,2024-02-16
L001223,O001223,Emp009,2024-02-21
L001224,O001224,Emp007,2024-02-18
L001225,O001225,Emp006,2024-02-19
L001226,O001226,Emp009,2024-02-24
L001227,O001227,Emp022,2024-02-23
L001228,O001228,Emp017,2024-02-23
L001229,O001229,Emp007,2024-02-22
L001230,O001230,Emp009,2024-02-20
L001231,O001231,Emp011,2024-02-24
L001232,O001232,Emp010,2024-02-20
L001233,O001233,Emp010,2024-02-26
L001234,O001234,Emp011,2024-02-22
L001235,O001235,Emp011,2024-02-19
L001236,O001236,Emp015,2024-02-24
L001237,O001237,Emp013,2024-02-25
L001238,O001238,Emp012,2024-02-21
L001239,O001239,Emp012,2024-02-27
L001240,O001240,Emp011,2024-02-21
L001241,O001241,Emp007,2024-02-24
L001242,O001242,Emp013,2024-02-19
L001243,O001243,Emp006,2024-02-20
L001244,O001244,Emp012,2024-02-22
L001245,O001245,Emp015,2024-02-24
L001246,O001246,Emp026,2024-02-25
L001247,O001247,Emp020,2024-02-23
L001248,O001248,Emp017,2024-02-23
L001249,O001249,Emp012,2024-02-28
L001250,O001250,Emp012,2024-02-21
L001251,O001251,Emp016,2024-02-21
L001252,O001252,Emp007,2024-02-24
L001253,O001253,Emp012,2024-02-22
L001254,O001254,Emp013,2024-02-24
L001255,O001255,Emp012,2024-02-23
L001256,O001256,Emp021,2024-02-28
L001257,O001257,Emp009,2024-02-24
L001258,O001258,Emp009,2024-02-22
L001259,O001259,Emp018,2024-03-01
L001260,O001260,Emp012,2024-02-28
L001261,O001261,Emp017,2024-02-24
L001262,O001262,Emp023,2024-02-23
L001263,O001263,Emp013,2024-03-01
L001264,O001264,Emp008,2024-02-27
L001265,O001265,Emp019,2024-03-01
L001266,O001266,Emp017,2024-02-25
L001267,O001267,Emp013,2024-02-24
L001268,O001268,Emp010,2024-02-26
L001269,O001269,Emp013,2024-02-27
L001270,O001270,Emp012,2024-02-28
L001271,O001271,Emp012,2024-03-01
L001272,O001272,Emp009,2024-03-01
L001273,O001273,Emp012,2024-02-29
L001274,O001274,Emp008,2024-02-26
L001275,O001275,Emp012,2024-02-26
L001276,O001276,Emp006,2024-02-26
L001277,O001277,Emp012,2024-03-02
L001278,O001278,Emp016,2024-02-28
L001279,O001279,Emp009,2024-03-04
L001280,O001280,Emp009,2024-03-02
L001281,O001281,Emp015,2024-03-05
L001282,O001282,Emp019,2024-02-27
L001283,O001283,Emp014,2024-02-26
L001284,O001284,Emp007,2024-03-03
L001285,O001285,Emp011,2024-03-03
L001286,O001286,Emp013,2024-03-06
L001287,O001287,Emp009,2024-03-04
L001288,O001288,Emp006,2024-03-06
L001289,O001289,Emp008,2024-03-05
L001290,O001290,Emp011,2024-03-04
L001291,O001291,Emp021,2024-02-29
L001292,O001292,Emp009,2024-03-05
L001293,O001293,Emp006,2024-03-07
L001294,O001294,Emp019,2024-03-07
L001295,O001295,Emp012,2024-03-07
L001296,O001296,Emp018,2024-03-03
L001297,O001297,Emp023,2024-03-03
L001298,O001298,Emp014,2024-02-29
L001299,O001299,Emp008,2024-03-08
L001300,O001300,Emp017,2024-03-01
L001301,O001301,Emp010,2024-02-29
L001302,O001302,Emp012,2024-03-01
L001303,O001303,Emp011,2024-03-03
L001304,O001304,Emp006,2024-03-01
L001305,O001305,Emp008,2024-03-02
L001306,O001306,Emp016,2024-03-05
L001307,O001307,Emp012,2024-03-03
L001308,O001308,Emp007,2024-03-08
L001309,O001309,Emp012,2024-03-09
L001310,O001310,Emp013,2024-03-08
L001311,O001311,Emp014,2024-03-05
L001312,O001312,Emp014,2024-03-09
L001313,O001313,Emp006,2024-03-06
L001314,O001314,Emp024,2024-03-10
L001315,O001315,Emp016,2024-03-09
L001316,O001316,Emp008,2024-03-05
L001317,O001317,Emp006,2024-03-05
L001318,O001318,Emp015,2024-03-05
L001319,O001319,Emp011,2024-03-11
L001320,O001320,Emp012,2024-03-11
L001321,O001321,Emp014,2024-03-07
L001322,O001322,Emp012,2024-03-07
L001323,O001323,Emp022,2024-03-06
L001324,O001324,Emp021,2024-03-10
L001325,O001325,Emp020,2024-03-06
L001326,O001326,Emp009,2024-03-11
L001327,O001327,Emp007,2024-03-06
L001328,O001328,Emp010,2024-03-10
L001329,O001329,Emp013,2024-03-11
L001330,O001330,Emp018,2024-03-07
L001331,O001331,Emp007,2024-03-08
L001332,O001332,Emp014,2024-03-12
L001333,O001333,Emp009,2024-03-09
L001334,O001334,Emp007,2024-03-08
L001335,O001335,Emp010,2024-03-14
L001336,O001336,Emp016,2024-03-14
L001337,O001337,Emp012,2024-03-12
L001338,O001338,Emp008,2024-03-07
L001339,O001339,Emp013,2024-03-09
L001340,O001340,Emp012,2024-03-12
L001341,O001341,Emp013,2024-03-14
L001342,O001342,Emp012,2024-03-08
L001343,O001343,Emp008,2024-03-15
L001344,O001344,Emp019,2024-03-09
L001345,O001345,Emp006,2024-03-16
L001346,O001346,Emp010,2024-03-09
L001347,O001347,Emp013,2024-03-15
L001348,O001348,Emp006,2024-03-15
L001349,O001349,Emp011,2024-03-16
L001350,O001350,Emp021,2024-03-16
L001351,O001351,Emp019,2024-03-10
L001352,O001352,Emp011,2024-03-17
L001353,O001353,Emp014,2024-03-13
L001354,O001354,Emp011,2024-03-12
L001355,O001355,Emp013,2024-03-11
L001356,O001356,Emp009,2024-03-14
L001357,O001357,Emp012,2024-03-18
L001358,O001358,Emp018,2024-03-16
L001359,O001359,Emp021,2024-03-12
L001360,O001360,Emp012,2024-03-12
L001361,O001361,Emp008,2024-03-16
L001362,O001362,Emp007,2024-03-13
L001363,O001363,Emp024,2024-03-12
L001364,O001364,Emp013,2024-03-18
L001365,O001365,Emp024,2024-03-13
L001366,O001366,Emp006,2024-03-20
L001367,O001367,Emp019,2024-03-14
L001368,O001368,Emp013,2024-03-19
L001369,O001369,Emp010,2024-03-13
L001370,O001370,Emp011,2024-03-17
L001371,O001371,Emp016,2024-03-14
L001372,O001372,Emp014,2024-03-15
L001373,O001373,Emp015,2024-03-17
L001374,O001374,Emp015,2024-03-16
L001375,O001375,Emp006,2024-03-20
L001376,O001376,Emp015,2024-03-17
L001377,O001377,Emp017,2024-03-14
L001378,O001378,Emp014,2024-03-13
L001379,O001379,Emp015,2024-03-22
L001380,O001380,Emp006,2024-03-15
L001381,O001381,Emp021,2024-03-22
L001382,O001382,Emp023,2024-03-15
L001383,O001383,Emp011,2024-03-16
L001384,O001384,Emp022,2024-03-22
L001385,O001385,Emp006,2024-03-21
L001386,O001386,Emp008,2024-03-17
L001387,O001387,Emp017,2024-03-18
L001388,O001388,Emp013,2024-03-22
L001389,O001389,Emp008,2024-03-23
L001390,O001390,Emp015,2024-03-22
L001391,O001391,Emp025,2024-03-20
L001392,O001392,Emp027,2024-03-18
L001393,O001393,Emp027,2024-03-22
L001394,O001394,Emp022,2024-03-19
L001395,O001395,Emp017,2024-03-21
L001396,O001396,Emp022,2024-03-17
L001397,O001397,Emp019,2024-03-22
L001398,O001398,Emp010,2024-03-19
L001399,O001399,Emp008,2024-03-24
L001400,O001400,Emp012,2024-03-18
L001401,O001401,Emp009,2024-03-22
L001402,O001402,Emp008,2024-03-22
L001403,O001403,Emp008,2024-03-25
L001404,O001404,Emp010,2024-03-20
L001405,O001405,Emp013,2024-03-23
L001406,O001406,Emp018,2024-03-25
L001407,O001407,Emp012,2024-03-27
L001408,O001408,Emp011,2024-03-27
L001409,O001409,Emp013,2024-03-25
L001410,O001410,Emp009,2024-03-22
L001411,O001411,Emp008,2024-03-25
L001412,O001412,Emp012,2024-03-27
L001413,O001413,Emp023,2024-03-22
L001414,O001414,Emp019,2024-03-22
L001415,O001415,Emp012,2024-03-26
L001416,O001416,Emp013,2024-03-21
L001417,O001417,Emp015,2024-03-22
L001418,O001418,Emp012,2024-03-26
L001419,O001419,Emp006,2024-03-26
L001420,O001420,Emp009,2024-03-22
L001421,O001421,Emp010,2024-03-28
L001422,O001422,Emp011,2024-03-22
L001423,O001423,Emp020,2024-03-24
L001424,O001424,Emp013,2024-03-23
L001425,O001425,Emp010,2024-03-26
L001426,O001426,Emp012,2024-03-23
L001427,O001427,Emp027,2024-03-24
L001428,O001428,Emp012,2024-03-28
L001429,O001429,Emp009,2024-03-23
L001430,O001430,Emp011,2024-03-27
L001431,O001431,Emp008,2024-03-24
L001432,O001432,Emp010,2024-03-24
L001433,O001433,Emp015,2024-03-29
L001434,O001434,Emp015,2024-03-25
L001435,O001435,Emp011,2024-03-23
L001436,O001436,Emp011,2024-03-29
L001437,O001437,Emp022,2024-03-25
L001438,O001438,Emp012,2024-03-23
L001439,O001439,Emp011,2024-03-24
L001440,O001440,Emp012,2024-03-26
L001441,O001441,Emp022,2024-03-25
L001442,O001442,Emp011,2024-03-29
L001443,O001443,Emp012,2024-03-27
L001444,O001444,Emp014,2024-03-31
L001445,O001445,Emp026,2024-03-25
L001446,O001446,Emp012,2024-03-29
L001447,O001447,Emp011,2024-03-31
L001448,O001448,Emp010,2024-03-27
L001449,O001449,Emp017,2024-03-30
L001450,O001450,Emp013,2024-03-28
L001451,O001451,Emp009,2024-03-27
L001452,O001452,Emp023,2024-03-27
L001453,O001453,Emp011,2024-03-26
L001454,O001454,Emp021,2024-03-27
L001455,O001455,Emp014,2024-03-27
L001456,O001456,Emp023,2024-03-29
L001457,O001457,Emp008,2024-03-28
L001458,O001458,Emp011,2024-03-29
L001459,O001459,Emp010,2024-04-01
L001460,O001460,Emp008,2024-04-03
L001461,O001461,Emp027,2024-03-28
L001462,O001462,Emp010,2024-04-03
L001463,O001463,Emp015,2024-03-29
L001464,O001464,Emp016,2024-04-01
L001465,O001465,Emp012,2024-04-03
L001466,O001466,Emp010,2024-04-02
L001467,O001467,Emp019,2024-03-29
L001468,O001468,Emp017,2024-03-29
L001469,O001469,Emp008,2024-04-03
L001470,O001470,Emp012,2024-03-29
L001471,O001471,Emp006,2024-03-29
L001472,O001472,Emp006,2024-03-29
L001473,O001473,Emp007,2024-03-30
L001474,O001474,Emp011,2024-04-01
L001475,O001475,Emp007,2024-04-03
L001476,O001476,Emp010,2024-04-02
L001477,O001477,Emp013,2024-03-30
L001478,O001478,Emp011,2024-04-04
L001479,O001479,Emp011,2024-04-04
L001480,O001480,Emp013,2024-03-30
L001481,O001481,Emp012,2024-04-03
L001482,O001482,Emp016,2024-04-04
L001483,O001483,Emp009,2024-04-01
L001484,O001484,Emp008,2024-04-06
L001485,O001485,Emp013,2024-03-31
L001486,O001486,Emp012,2024-04-07
L001487,O001487,Emp010,2024-04-05
L001488,O001488,Emp013,2024-04-05
L001489,O001489,Emp015,2024-04-06
L001490,O001490,Emp009,2024-04-05
L001491,O001491,Emp010,2024-04-06
L001492,O001492,Emp011,2024-04-08
L001493,O001493,Emp012,2024-04-02
L001494,O001494,Emp011,2024-04-07
L001495,O001495,Emp017,2024-03-31
L001496,O001496,Emp018,2024-04-01
L001497,O001497,Emp009,2024-04-02
L001498,O001498,Emp011,2024-04-05
L001499,O001499,Emp008,2024-04-05
L001500,O001500,Emp022,2024-04-02
